-- MariaDB dump 10.19  Distrib 10.6.4-MariaDB, for Linux (x86_64)
--
-- Host: localhost    Database: toko_online
-- ------------------------------------------------------
-- Server version	10.4.21-MariaDB

/*!40101 SET @OLD_CHARACTER_SET_CLIENT=@@CHARACTER_SET_CLIENT */;
/*!40101 SET @OLD_CHARACTER_SET_RESULTS=@@CHARACTER_SET_RESULTS */;
/*!40101 SET @OLD_COLLATION_CONNECTION=@@COLLATION_CONNECTION */;
/*!40101 SET NAMES utf8mb4 */;
/*!40103 SET @OLD_TIME_ZONE=@@TIME_ZONE */;
/*!40103 SET TIME_ZONE='+00:00' */;
/*!40014 SET @OLD_UNIQUE_CHECKS=@@UNIQUE_CHECKS, UNIQUE_CHECKS=0 */;
/*!40014 SET @OLD_FOREIGN_KEY_CHECKS=@@FOREIGN_KEY_CHECKS, FOREIGN_KEY_CHECKS=0 */;
/*!40101 SET @OLD_SQL_MODE=@@SQL_MODE, SQL_MODE='NO_AUTO_VALUE_ON_ZERO' */;
/*!40111 SET @OLD_SQL_NOTES=@@SQL_NOTES, SQL_NOTES=0 */;

--
-- Table structure for table `detail_transaksi`
--

DROP TABLE IF EXISTS `detail_transaksi`;
/*!40101 SET @saved_cs_client     = @@character_set_client */;
/*!40101 SET character_set_client = utf8 */;
CREATE TABLE `detail_transaksi` (
  `id_detail_transaksi` int(11) NOT NULL AUTO_INCREMENT,
  `id_transaksi` int(11) NOT NULL,
  `id_produk` int(11) NOT NULL,
  `qty` int(11) NOT NULL,
  `subtotal` int(11) NOT NULL,
  PRIMARY KEY (`id_detail_transaksi`)
) ENGINE=InnoDB AUTO_INCREMENT=16 DEFAULT CHARSET=utf8mb4;
/*!40101 SET character_set_client = @saved_cs_client */;

--
-- Dumping data for table `detail_transaksi`
--

LOCK TABLES `detail_transaksi` WRITE;
/*!40000 ALTER TABLE `detail_transaksi` DISABLE KEYS */;
INSERT INTO `detail_transaksi` VALUES (11,9,7,1,12000),(12,9,8,1,180000),(13,10,7,1,12000),(14,11,7,2,24000),(15,11,8,2,360000);
/*!40000 ALTER TABLE `detail_transaksi` ENABLE KEYS */;
UNLOCK TABLES;

--
-- Table structure for table `pelanggan`
--

DROP TABLE IF EXISTS `pelanggan`;
/*!40101 SET @saved_cs_client     = @@character_set_client */;
/*!40101 SET character_set_client = utf8 */;
CREATE TABLE `pelanggan` (
  `id_pelanggan` int(11) NOT NULL AUTO_INCREMENT,
  `nama` varchar(100) NOT NULL,
  `alamat` text NOT NULL,
  `telp` varchar(50) NOT NULL,
  PRIMARY KEY (`id_pelanggan`)
) ENGINE=InnoDB AUTO_INCREMENT=5 DEFAULT CHARSET=utf8mb4;
/*!40101 SET character_set_client = @saved_cs_client */;

--
-- Dumping data for table `pelanggan`
--

LOCK TABLES `pelanggan` WRITE;
/*!40000 ALTER TABLE `pelanggan` DISABLE KEYS */;
INSERT INTO `pelanggan` VALUES (4,'Mudi Bin Mudi','Jl. Mudi Bumi','089520001010');
/*!40000 ALTER TABLE `pelanggan` ENABLE KEYS */;
UNLOCK TABLES;

--
-- Table structure for table `petugas`
--

DROP TABLE IF EXISTS `petugas`;
/*!40101 SET @saved_cs_client     = @@character_set_client */;
/*!40101 SET character_set_client = utf8 */;
CREATE TABLE `petugas` (
  `id_petugas` int(11) NOT NULL AUTO_INCREMENT,
  `nama_petugas` varchar(100) NOT NULL,
  `username` varchar(100) NOT NULL,
  `password` varchar(100) NOT NULL,
  `level` varchar(100) NOT NULL,
  PRIMARY KEY (`id_petugas`)
) ENGINE=InnoDB AUTO_INCREMENT=5 DEFAULT CHARSET=utf8mb4;
/*!40101 SET character_set_client = @saved_cs_client */;

--
-- Dumping data for table `petugas`
--

LOCK TABLES `petugas` WRITE;
/*!40000 ALTER TABLE `petugas` DISABLE KEYS */;
INSERT INTO `petugas` VALUES (3,'Mudi Bin Mujib','mudi_xixi','a01610228fe998f515a72dd730294d87','Supervisor'),(4,'mudi','mudi','81dc9bdb52d04dc20036dbd8313ed055','12');
/*!40000 ALTER TABLE `petugas` ENABLE KEYS */;
UNLOCK TABLES;

--
-- Table structure for table `produk`
--

DROP TABLE IF EXISTS `produk`;
/*!40101 SET @saved_cs_client     = @@character_set_client */;
/*!40101 SET character_set_client = utf8 */;
CREATE TABLE `produk` (
  `id_produk` int(11) NOT NULL AUTO_INCREMENT,
  `nama_produk` varchar(100) NOT NULL,
  `deskripsi` text NOT NULL,
  `harga` int(11) NOT NULL,
  `foto_produk` varchar(255) NOT NULL,
  PRIMARY KEY (`id_produk`)
) ENGINE=InnoDB AUTO_INCREMENT=9 DEFAULT CHARSET=utf8mb4;
/*!40101 SET character_set_client = @saved_cs_client */;

--
-- Dumping data for table `produk`
--

LOCK TABLES `produk` WRITE;
/*!40000 ALTER TABLE `produk` DISABLE KEYS */;
INSERT INTO `produk` VALUES (7,'Ayam','Ayam hidup.',12000,'uploads/ayam.jpg'),(8,'Ayam','Ayam Hidup 2.',180000,'uploads/turkey.png');
/*!40000 ALTER TABLE `produk` ENABLE KEYS */;
UNLOCK TABLES;

--
-- Table structure for table `transaksi`
--

DROP TABLE IF EXISTS `transaksi`;
/*!40101 SET @saved_cs_client     = @@character_set_client */;
/*!40101 SET character_set_client = utf8 */;
CREATE TABLE `transaksi` (
  `id_transaksi` int(11) NOT NULL AUTO_INCREMENT,
  `id_pelanggan` int(11) NOT NULL,
  `id_petugas` int(11) NOT NULL,
  `tgl_transaksi` date NOT NULL,
  PRIMARY KEY (`id_transaksi`)
) ENGINE=InnoDB AUTO_INCREMENT=12 DEFAULT CHARSET=utf8mb4;
/*!40101 SET character_set_client = @saved_cs_client */;

--
-- Dumping data for table `transaksi`
--

LOCK TABLES `transaksi` WRITE;
/*!40000 ALTER TABLE `transaksi` DISABLE KEYS */;
INSERT INTO `transaksi` VALUES (9,4,3,'2021-10-16'),(10,4,3,'2021-10-16'),(11,4,3,'2021-10-16');
/*!40000 ALTER TABLE `transaksi` ENABLE KEYS */;
UNLOCK TABLES;
/*!40103 SET TIME_ZONE=@OLD_TIME_ZONE */;

/*!40101 SET SQL_MODE=@OLD_SQL_MODE */;
/*!40014 SET FOREIGN_KEY_CHECKS=@OLD_FOREIGN_KEY_CHECKS */;
/*!40014 SET UNIQUE_CHECKS=@OLD_UNIQUE_CHECKS */;
/*!40101 SET CHARACTER_SET_CLIENT=@OLD_CHARACTER_SET_CLIENT */;
/*!40101 SET CHARACTER_SET_RESULTS=@OLD_CHARACTER_SET_RESULTS */;
/*!40101 SET COLLATION_CONNECTION=@OLD_COLLATION_CONNECTION */;
/*!40111 SET SQL_NOTES=@OLD_SQL_NOTES */;

-- Dump completed on 2021-10-16 22:28:46
